run_id,scenario,controller,n_agents,seed,packet_loss,latency_ms,comm_radius_m,k_neighbors,update_rate_hz,obstacle_update_rate_hz,local_dropout,local_latency_ms,local_pos_noise_m,local_vel_noise_mps,local_safety_dropout,local_safety_latency_ms,local_safety_update_rate_hz,local_safety_position_noise_std_m,local_safety_velocity_noise_std_mps,local_safety_latency_steps,local_safety_dropout_attempts,local_safety_dropout_holds,local_safety_realized_dropout_rate,horizon_s,dt_s,min_inter_agent_distance_m,min_obstacle_contact_boundary_margin_m,cumulative_collision_pairs,collision_rate_per_pair_step,cumulative_safety_violation_pairs,safety_violation_rate_per_pair_step,cumulative_obstacle_contacts,obstacle_contact_rate_per_agent_step,final_reached_fraction,mission_success,completion_time_s,final_mean_goal_distance_m,energy_proxy_accel2_s_per_agent,mean_messages_per_agent_per_update,runtime_s,runtime_ms_per_agent_step,scenario_description,pairwise_projection_calls,pairwise_projection_pair_adjustments,pairwise_projection_agent_adjustments,pairwise_projection_total_displacement_m,pairwise_projection_max_displacement_m,pairwise_projection_velocity_corrections,pairwise_projection_agent_adjustment_rate_per_agent_step,obstacle_projection_calls,obstacle_projection_agent_adjustments,obstacle_projection_total_displacement_m,obstacle_projection_max_displacement_m,obstacle_projection_velocity_corrections,obstacle_projection_agent_adjustment_rate_per_agent_step,projection_agent_adjustments,projection_agent_adjustment_rate_per_agent_step,projection_total_displacement_m,projection_mean_displacement_m_per_adjustment,projection_max_displacement_m,pre_projection_state_checks,pre_projection_collision_pairs,pre_projection_collision_rate_per_pair_step,pre_projection_obstacle_contacts,pre_projection_obstacle_contact_rate_per_agent_step,pre_projection_pairwise_violation_pairs,pre_projection_pairwise_violation_rate_per_pair_step,pre_projection_pairwise_violation_agent_steps,pre_projection_pairwise_violation_agent_rate_per_agent_step,pre_projection_pairwise_mean_penetration_m,pre_projection_pairwise_p95_penetration_m,pre_projection_pairwise_p99_penetration_m,pre_projection_pairwise_max_penetration_m,pre_projection_obstacle_violation_agent_steps,pre_projection_obstacle_violation_rate_per_agent_step,pre_projection_obstacle_mean_penetration_m,pre_projection_obstacle_p95_penetration_m,pre_projection_obstacle_p99_penetration_m,pre_projection_obstacle_max_penetration_m,pre_projection_obstacle_min_clearance_margin_m,local_condition,T90_s,T95_s,T99_s
corridor_obstacles__proposed__N200__pl20__lat050__seed0__idealized_baseline,corridor_obstacles,proposed,200,0,0.2,50.0,4.0,12,4.0,4.0,0.0,0.0,0.0,0.0,0.0,0.0,4.0,0.0,0.0,0,0,0,0.0,120.0,0.05,0.2980502158036116,0.36000099999999846,0,0.0,207,4.332365701895567e-06,0,0.0,1.0,True,69.0,0.16361949151596214,37.17056247478567,9.538700623700624,126.56677475199103,0.26357095950018955,Obstacle-rich corridor with three lateral rows of alternating cylindrical obstacles.,0,0,0,0.0,0.0,0,0.0,4,5,0.012643915878641079,0.006821520768520577,5,1.0416666666666666e-05,5,1.0416666666666666e-05,0.012643915878641079,0.0025287831757282156,0.006821520768520577,2400,0,0.0,0,0.0,0,0.0,0,0.0,0.0,0.0,0.0,0.0,5,1.0416666666666666e-05,0.0025277831757282154,0.006193904953056649,0.006695197605427791,0.006820520768520577,-0.006820520768520577,idealized_baseline,69.0,71.75,77.0
corridor_obstacles__proposed__N200__pl20__lat050__seed1__idealized_baseline,corridor_obstacles,proposed,200,1,0.2,50.0,4.0,12,4.0,4.0,0.0,0.0,0.0,0.0,0.0,0.0,4.0,0.0,0.0,0,0,0,0.0,120.0,0.05,0.2932177721640579,0.3600009999999998,0,0.0,181,3.7882038262951576e-06,0,0.0,1.0,True,69.4,0.15989512017464746,37.84186526155386,9.517931392931393,127.12455187132582,0.2647325111856015,Obstacle-rich corridor with three lateral rows of alternating cylindrical obstacles.,0,0,0,0.0,0.0,0,0.0,4,5,0.010326736678388095,0.0032340970679950167,5,1.0416666666666666e-05,5,1.0416666666666666e-05,0.010326736678388095,0.002065347335677619,0.0032340970679950167,2400,0,0.0,0,0.0,0,0.0,0,0.0,0.0,0.0,0.0,0.0,5,1.0416666666666666e-05,0.0020643473356776187,0.003127985106994746,0.0032120746757949626,0.0032330970679950166,-0.0032330970679950166,idealized_baseline,69.5,72.16666666666667,74.5
corridor_obstacles__proposed__N200__pl20__lat050__seed2__idealized_baseline,corridor_obstacles,proposed,200,2,0.2,50.0,4.0,12,4.0,4.0,0.0,0.0,0.0,0.0,0.0,0.0,4.0,0.0,0.0,0,0,0,0.0,120.0,0.05,0.2757581159587802,0.360001,0,0.0,152,3.181254041971624e-06,0,0.0,1.0,True,68.15,0.1606159220056459,37.261231553823706,9.486850311850311,127.36245511192828,0.2652279365096382,Obstacle-rich corridor with three lateral rows of alternating cylindrical obstacles.,0,0,0,0.0,0.0,0,0.0,4,4,0.009636336589126876,0.005045342815510916,4,8.333333333333334e-06,4,8.333333333333334e-06,0.009636336589126876,0.002409084147281719,0.005045342815510916,2400,0,0.0,0,0.0,0,0.0,0,0.0,0.0,0.0,0.0,0.0,4,8.333333333333334e-06,0.0024080841472817194,0.0046097864874263695,0.004957431549894006,0.005044342815510916,-0.005044342815510916,idealized_baseline,68.25,73.0,78.5
corridor_obstacles__proposed__N200__pl20__lat050__seed3__idealized_baseline,corridor_obstacles,proposed,200,3,0.2,50.0,4.0,12,4.0,4.0,0.0,0.0,0.0,0.0,0.0,0.0,4.0,0.0,0.0,0,0,0,0.0,120.0,0.05,0.31409225016972026,0.36000099999999924,0,0.0,141,2.9510317099868357e-06,0,0.0,1.0,True,69.45,0.1584996020214198,37.741413751570285,9.506954261954261,127.71004481706768,0.26595178012717136,Obstacle-rich corridor with three lateral rows of alternating cylindrical obstacles.,0,0,0,0.0,0.0,0,0.0,4,4,0.012110082756354163,0.005527881405639506,4,8.333333333333334e-06,4,8.333333333333334e-06,0.012110082756354163,0.0030275206890885407,0.005527881405639506,2400,0,0.0,0,0.0,0,0.0,0,0.0,0.0,0.0,0.0,0.0,4,8.333333333333334e-06,0.003026520689088541,0.005486273236148376,0.005518759771741279,0.0055268814056395055,-0.0055268814056395055,idealized_baseline,69.25,70.75,76.0
corridor_obstacles__proposed__N200__pl20__lat050__seed4__idealized_baseline,corridor_obstacles,proposed,200,4,0.2,50.0,4.0,12,4.0,4.0,0.0,0.0,0.0,0.0,0.0,0.0,4.0,0.0,0.0,0,0,0,0.0,120.0,0.05,0.27282354774451795,0.36000099999999957,0,0.0,253,5.2951136356501375e-06,0,0.0,1.0,True,68.4,0.15831491284776933,37.18396188404356,9.482671517671518,127.65276723261923,0.26583250152565435,Obstacle-rich corridor with three lateral rows of alternating cylindrical obstacles.,0,0,0,0.0,0.0,0,0.0,5,6,0.006783408117690787,0.0024873289590169037,6,1.25e-05,6,1.25e-05,0.006783408117690787,0.0011305680196151311,0.0024873289590169037,2400,0,0.0,0,0.0,0,0.0,0,0.0,0.0,0.0,0.0,0.0,6,1.25e-05,0.001129568019615131,0.002297305269334693,0.0024485242210804618,0.0024863289590169035,-0.0024863289590169035,idealized_baseline,68.5,71.0,82.5
corridor_obstacles__proposed__N200__pl20__lat050__seed0__dropout_0p05,corridor_obstacles,proposed,200,0,0.2,50.0,4.0,12,4.0,4.0,0.05,0.0,0.0,0.0,0.05,0.0,4.0,0.0,0.0,0,95800,4933,0.051492693110647185,120.0,0.05,0.28834608026559094,0.36000005669427326,0,0.0,221,4.62537594260348e-06,0,0.0,1.0,True,69.25,0.16054655937121448,38.91812481629187,9.488596673596673,150.4436476319097,0.313293726846959,Obstacle-rich corridor with three lateral rows of alternating cylindrical obstacles.,0,0,0,0.0,0.0,0,0.0,9,9,0.03516467351697002,0.0064239585417399095,9,1.875e-05,9,1.875e-05,0.03516467351697002,0.003907185946330003,0.0064239585417399095,2400,0,0.0,0,0.0,0,0.0,0,0.0,0.0,0.0,0.0,0.0,9,1.875e-05,0.003906185946330002,0.0063417228937312055,0.006406711412138169,0.006422958541739909,-0.006422958541739909,dropout_0p05,69.33333333333333,72.0,76.5
corridor_obstacles__proposed__N200__pl20__lat050__seed1__dropout_0p05,corridor_obstacles,proposed,200,1,0.2,50.0,4.0,12,4.0,4.0,0.05,0.0,0.0,0.0,0.05,0.0,4.0,0.0,0.0,0,95800,4868,0.05081419624217119,120.0,0.05,0.2855690189773334,0.36000098403351155,0,0.0,199,4.164931278633902e-06,0,0.0,1.0,True,69.05,0.15982859813905392,39.27742512763325,9.502889812889812,145.68561072507873,0.30338527847788155,Obstacle-rich corridor with three lateral rows of alternating cylindrical obstacles.,0,0,0,0.0,0.0,0,0.0,6,7,0.015762144515125608,0.006234958817456031,7,1.4583333333333333e-05,7,1.4583333333333333e-05,0.015762144515125608,0.0022517349307322296,0.006234958817456031,2400,0,0.0,0,0.0,0,0.0,0,0.0,0.0,0.0,0.0,0.0,7,1.4583333333333333e-05,0.0022507349307322295,0.005361015076489803,0.006059370069262784,0.006233958817456031,-0.006233958817456031,dropout_0p05,69.16666666666667,72.0,76.0
corridor_obstacles__proposed__N200__pl20__lat050__seed2__dropout_0p05,corridor_obstacles,proposed,200,2,0.2,50.0,4.0,12,4.0,4.0,0.05,0.0,0.0,0.0,0.05,0.0,4.0,0.0,0.0,0,95800,4849,0.05061586638830898,120.0,0.05,0.24618321451330147,0.36000099999999846,0,0.0,147,3.076607527433084e-06,0,0.0,1.0,True,68.3,0.15775019678552574,39.27816123981879,9.49914760914761,149.57127565518022,0.3114770421807168,Obstacle-rich corridor with three lateral rows of alternating cylindrical obstacles.,0,0,0,0.0,0.0,0,0.0,4,4,0.011794555576367768,0.005627736714295255,4,8.333333333333334e-06,4,8.333333333333334e-06,0.011794555576367768,0.002948638894091942,0.005627736714295255,2400,0,0.0,0,0.0,0,0.0,0,0.0,0.0,0.0,0.0,0.0,4,8.333333333333334e-06,0.002947638894091942,0.0053072248146115875,0.005562834334358521,0.005626736714295255,-0.005626736714295255,dropout_0p05,68.25,73.5,79.0
corridor_obstacles__proposed__N200__pl20__lat050__seed3__dropout_0p05,corridor_obstacles,proposed,200,3,0.2,50.0,4.0,12,4.0,4.0,0.05,0.0,0.0,0.0,0.05,0.0,4.0,0.0,0.0,0,95800,4839,0.05051148225469729,120.0,0.05,0.24586198047332106,0.3600009999999999,0,0.0,191,3.997496855372238e-06,0,0.0,1.0,True,68.5,0.1559200387431694,38.68818730368095,9.515956340956341,152.98572498001158,0.3185875155768671,Obstacle-rich corridor with three lateral rows of alternating cylindrical obstacles.,0,0,0,0.0,0.0,0,0.0,4,4,0.007082451672253073,0.005495051116178067,4,8.333333333333334e-06,4,8.333333333333334e-06,0.007082451672253073,0.0017706129180632682,0.005495051116178067,2400,0,0.0,0,0.0,0,0.0,0,0.0,0.0,0.0,0.0,0.0,4,8.333333333333334e-06,0.001769612918063268,0.004814871990191603,0.005358215290980774,0.005494051116178067,-0.005494051116178067,dropout_0p05,68.5,71.0,75.0
corridor_obstacles__proposed__N200__pl20__lat050__seed4__dropout_0p05,corridor_obstacles,proposed,200,4,0.2,50.0,4.0,12,4.0,4.0,0.05,0.0,0.0,0.0,0.05,0.0,4.0,0.0,0.0,0,95800,4717,0.04923799582463466,120.0,0.05,0.29530488524863324,0.36000099999999924,0,0.0,181,3.7882038262951576e-06,0,0.0,1.0,True,68.5,0.15608866732374638,39.53377955381949,9.50445945945946,159.3392878221348,0.33181859188282964,Obstacle-rich corridor with three lateral rows of alternating cylindrical obstacles.,0,0,0,0.0,0.0,0,0.0,6,6,0.023634906077350467,0.006968241938887758,6,1.25e-05,6,1.25e-05,0.023634906077350467,0.003939151012891744,0.006968241938887758,2400,0,0.0,0,0.0,0,0.0,0,0.0,0.0,0.0,0.0,0.0,6,1.25e-05,0.003938151012891744,0.006421388461181621,0.006858071243346531,0.006967241938887758,-0.006967241938887758,dropout_0p05,68.3,71.0,79.5
corridor_obstacles__proposed__N200__pl20__lat050__seed0__dropout_0p10,corridor_obstacles,proposed,200,0,0.2,50.0,4.0,12,4.0,4.0,0.1,0.0,0.0,0.0,0.1,0.0,4.0,0.0,0.0,0,95800,9538,0.0995615866388309,120.0,0.05,0.16359037177956107,0.36000099999999946,0,0.0,213,4.4579415193418156e-06,0,0.0,1.0,True,68.4,0.15649193088300734,40.95923329902014,9.514251559251559,128.07165571628138,0.26670482239958637,Obstacle-rich corridor with three lateral rows of alternating cylindrical obstacles.,0,0,0,0.0,0.0,0,0.0,2,3,0.006205626580232629,0.0035129919391466416,3,6.25e-06,3,6.25e-06,0.006205626580232629,0.0020685421934108763,0.0035129919391466416,2400,0,0.0,0,0.0,0,0.0,0,0.0,0.0,0.0,0.0,0.0,3,6.25e-06,0.002067542193410876,0.0034104404366603444,0.003491681638649382,0.0035119919391466414,-0.0035119919391466414,dropout_0p10,68.5,71.0,75.75
corridor_obstacles__proposed__N200__pl20__lat050__seed1__dropout_0p10,corridor_obstacles,proposed,200,1,0.2,50.0,4.0,12,4.0,4.0,0.1,0.0,0.0,0.0,0.1,0.0,4.0,0.0,0.0,0,95800,9609,0.10030271398747391,120.0,0.05,0.250392493957809,0.36000078892368537,0,0.0,302,6.320649478127832e-06,0,0.0,1.0,True,69.45,0.15928726018766856,40.950950858896476,9.53352390852391,149.21306323306635,0.3107310771200882,Obstacle-rich corridor with three lateral rows of alternating cylindrical obstacles.,0,0,0,0.0,0.0,0,0.0,5,5,0.009702569603748459,0.0037439352855182786,5,1.0416666666666666e-05,5,1.0416666666666666e-05,0.009702569603748459,0.0019405139207496918,0.0037439352855182786,2400,0,0.0,0,0.0,0,0.0,0,0.0,0.0,0.0,0.0,0.0,5,1.0416666666666666e-05,0.0019395139207496915,0.0035173010925675817,0.003697808446928139,0.0037429352855182785,-0.0037429352855182785,dropout_0p10,69.5,72.5,76.0
corridor_obstacles__proposed__N200__pl20__lat050__seed2__dropout_0p10,corridor_obstacles,proposed,200,2,0.2,50.0,4.0,12,4.0,4.0,0.1,0.0,0.0,0.0,0.1,0.0,4.0,0.0,0.0,0,95800,9647,0.10069937369519832,120.0,0.05,0.2064548095411491,0.360000999999999,0,0.0,184,3.850991735018282e-06,0,0.0,1.0,True,69.65,0.1551885180866484,40.93112618918938,9.496153846153845,159.91368542285636,0.3330147551496384,Obstacle-rich corridor with three lateral rows of alternating cylindrical obstacles.,0,0,0,0.0,0.0,0,0.0,11,11,0.03916757287779362,0.011545601544124066,11,2.2916666666666667e-05,11,2.2916666666666667e-05,0.03916757287779362,0.0035606884434357835,0.011545601544124066,2400,0,0.0,0,0.0,0,0.0,0,0.0,0.0,0.0,0.0,0.0,11,2.2916666666666667e-05,0.0035596884434357834,0.008423075206964059,0.010920296276692068,0.011544601544124067,-0.011544601544124067,dropout_0p10,69.75,71.5,78.0
corridor_obstacles__proposed__N200__pl20__lat050__seed3__dropout_0p10,corridor_obstacles,proposed,200,3,0.2,50.0,4.0,12,4.0,4.0,0.1,0.0,0.0,0.0,0.1,0.0,4.0,0.0,0.0,0,95800,9623,0.10044885177453027,120.0,0.05,0.29598869330137323,0.360001,0,0.0,146,3.0556782245253756e-06,0,0.0,1.0,True,68.10000000000001,0.1597514696365043,40.230954905466405,9.506725571725571,152.84084657998756,0.31828581128693784,Obstacle-rich corridor with three lateral rows of alternating cylindrical obstacles.,0,0,0,0.0,0.0,0,0.0,5,5,0.014518729753500515,0.0067670892578382815,5,1.0416666666666666e-05,5,1.0416666666666666e-05,0.014518729753500515,0.002903745950700103,0.0067670892578382815,2400,0,0.0,0,0.0,0,0.0,0,0.0,0.0,0.0,0.0,0.0,5,1.0416666666666666e-05,0.002902745950700103,0.006303308258825879,0.006673533058035801,0.006766089257838281,-0.006766089257838281,dropout_0p10,68.5,72.5,75.5
corridor_obstacles__proposed__N200__pl20__lat050__seed4__dropout_0p10,corridor_obstacles,proposed,200,4,0.2,50.0,4.0,12,4.0,4.0,0.1,0.0,0.0,0.0,0.1,0.0,4.0,0.0,0.0,0,95800,9570,0.09989561586638832,120.0,0.05,0.2659576879380182,0.3600009999999987,0,0.0,166,3.474264282679537e-06,0,0.0,1.0,True,70.35000000000001,0.15606795573451168,40.23135176418489,9.495,157.25896934699267,0.3274864001395099,Obstacle-rich corridor with three lateral rows of alternating cylindrical obstacles.,0,0,0,0.0,0.0,0,0.0,6,6,0.017680176000079813,0.006878146291044856,6,1.25e-05,6,1.25e-05,0.017680176000079813,0.0029466960000133022,0.006878146291044856,2400,0,0.0,0,0.0,0,0.0,0,0.0,0.0,0.0,0.0,0.0,6,1.25e-05,0.0029456960000133017,0.0066378507365085215,0.006829287180137589,0.0068771462910448555,-0.0068771462910448555,dropout_0p10,70.25,72.33333333333333,78.0
corridor_obstacles__proposed__N200__pl20__lat050__seed0__dropout_0p20,corridor_obstacles,proposed,200,0,0.2,50.0,4.0,12,4.0,4.0,0.2,0.0,0.0,0.0,0.2,0.0,4.0,0.0,0.0,0,95800,19019,0.19852818371607517,120.0,0.05,0.16226266405727838,0.36000099999999846,0,0.0,255,5.336972241465553e-06,0,0.0,1.0,True,69.55,0.16142225372901323,42.32293430643947,9.491808731808732,159.7371061583981,0.3326470348987882,Obstacle-rich corridor with three lateral rows of alternating cylindrical obstacles.,0,0,0,0.0,0.0,0,0.0,7,7,0.01208212767987362,0.00604799492327665,7,1.4583333333333333e-05,7,1.4583333333333333e-05,0.01208212767987362,0.0017260182399819457,0.00604799492327665,2400,0,0.0,0,0.0,0,0.0,0,0.0,0.0,0.0,0.0,0.0,7,1.4583333333333333e-05,0.0017250182399819458,0.005318229601369427,0.005901241858895204,0.0060469949232766496,-0.0060469949232766496,dropout_0p20,69.75,71.75,80.0
corridor_obstacles__proposed__N200__pl20__lat050__seed1__dropout_0p20,corridor_obstacles,proposed,200,1,0.2,50.0,4.0,12,4.0,4.0,0.2,0.0,0.0,0.0,0.2,0.0,4.0,0.0,0.0,0,95800,18987,0.19819415448851774,120.0,0.05,0.1751931176670148,0.3600009999999987,0,0.0,374,7.827559287482812e-06,0,0.0,1.0,True,68.8,0.1530975649405892,42.90582831344277,9.529781704781705,154.24916168907657,0.32121857911094664,Obstacle-rich corridor with three lateral rows of alternating cylindrical obstacles.,0,0,0,0.0,0.0,0,0.0,6,6,0.024913781240665282,0.010813191259994108,6,1.25e-05,6,1.25e-05,0.024913781240665282,0.004152296873444213,0.010813191259994108,2400,0,0.0,0,0.0,0,0.0,0,0.0,0.0,0.0,0.0,0.0,6,1.25e-05,0.004151296873444214,0.00967997742709864,0.010585748493415016,0.010812191259994108,-0.010812191259994108,dropout_0p20,68.85714285714286,72.5,77.75
corridor_obstacles__proposed__N200__pl20__lat050__seed2__dropout_0p20,corridor_obstacles,proposed,200,2,0.2,50.0,4.0,12,4.0,4.0,0.2,0.0,0.0,0.0,0.2,0.0,4.0,0.0,0.0,0,95800,19256,0.20100208768267222,120.0,0.05,0.20618003411567468,0.36000099999999924,0,0.0,264,5.525335967634926e-06,0,0.0,1.0,True,70.5,0.1610040042258791,42.692667312568936,9.468898128898129,152.7559415558353,0.3181089994915354,Obstacle-rich corridor with three lateral rows of alternating cylindrical obstacles.,0,0,0,0.0,0.0,0,0.0,6,6,0.012673127192413253,0.005664845006908197,6,1.25e-05,6,1.25e-05,0.012673127192413253,0.002112187865402209,0.005664845006908197,2400,0,0.0,0,0.0,0,0.0,0,0.0,0.0,0.0,0.0,0.0,6,1.25e-05,0.0021111878654022087,0.005062541718269031,0.005543584349180364,0.005663845006908197,-0.005663845006908197,dropout_0p20,70.5,72.83333333333333,87.5
corridor_obstacles__proposed__N200__pl20__lat050__seed3__dropout_0p20,corridor_obstacles,proposed,200,3,0.2,50.0,4.0,12,4.0,4.0,0.2,0.0,0.0,0.0,0.2,0.0,4.0,0.0,0.0,0,95800,19055,0.19890396659707724,120.0,0.05,0.2688962349473123,0.3600009999999989,0,0.0,197,4.123072672818487e-06,0,0.0,1.0,True,69.2,0.15832063524500473,41.868969709773594,9.52056133056133,148.14312301017344,0.3085029633697906,Obstacle-rich corridor with three lateral rows of alternating cylindrical obstacles.,0,0,0,0.0,0.0,0,0.0,4,4,0.014423983694806238,0.004907182181168228,4,8.333333333333334e-06,4,8.333333333333334e-06,0.014423983694806238,0.0036059959237015595,0.004907182181168228,2400,0,0.0,0,0.0,0,0.0,0,0.0,0.0,0.0,0.0,0.0,4,8.333333333333334e-06,0.0036049959237015594,0.0046501896498779,0.004854983674910163,0.004906182181168228,-0.004906182181168228,dropout_0p20,69.33333333333333,71.0,78.0
corridor_obstacles__proposed__N200__pl20__lat050__seed4__dropout_0p20,corridor_obstacles,proposed,200,4,0.2,50.0,4.0,12,4.0,4.0,0.2,0.0,0.0,0.0,0.2,0.0,4.0,0.0,0.0,0,95800,19092,0.1992901878914405,120.0,0.05,0.2246884445395067,0.36000099999999957,0,0.0,297,6.216002963589292e-06,0,0.0,1.0,True,69.15,0.15853247655440345,42.87010926975231,9.53871101871102,154.4883495341055,0.3217166795795617,Obstacle-rich corridor with three lateral rows of alternating cylindrical obstacles.,0,0,0,0.0,0.0,0,0.0,7,7,0.016495437297639713,0.005194609550903977,7,1.4583333333333333e-05,7,1.4583333333333333e-05,0.016495437297639713,0.002356491042519959,0.005194609550903977,2400,0,0.0,0,0.0,0,0.0,0,0.0,0.0,0.0,0.0,0.0,7,1.4583333333333333e-05,0.002355491042519959,0.004551922628166348,0.00506527216635645,0.005193609550903977,-0.005193609550903977,dropout_0p20,69.3,71.5,76.5
corridor_obstacles__proposed__N200__pl20__lat050__seed0__dropout_0p40,corridor_obstacles,proposed,200,0,0.2,50.0,4.0,12,4.0,4.0,0.4,0.0,0.0,0.0,0.4,0.0,4.0,0.0,0.0,0,95800,37999,0.3966492693110647,120.0,0.05,0.1400009999999997,0.3600009999999991,0,0.0,733,1.534117903135e-05,0,0.0,1.0,True,69.9,0.1586230109581739,45.122663879233194,9.528471933471934,150.44842691160738,0.3133036795327101,Obstacle-rich corridor with three lateral rows of alternating cylindrical obstacles.,3,3,6,0.012865067863123938,0.005449909727969784,3,1.25e-05,7,7,0.022041395392823036,0.009056258391917675,7,1.4583333333333333e-05,13,2.7083333333333332e-05,0.03490646325594697,0.0026851125581497668,0.009056258391917675,2400,0,0.0,0,0.0,3,6.281407035175879e-08,6,1.25e-05,0.004287355954374646,0.009945923821725194,0.010708240329096693,0.010898819455939568,7,1.4583333333333333e-05,0.003147770770403291,0.008470995621625853,0.00893840583785931,0.009055258391917675,-0.009055258391917675,dropout_0p40,69.83333333333333,72.25,76.0
corridor_obstacles__proposed__N200__pl20__lat050__seed1__dropout_0p40,corridor_obstacles,proposed,200,1,0.2,50.0,4.0,12,4.0,4.0,0.4,0.0,0.0,0.0,0.4,0.0,4.0,0.0,0.0,0,95800,38532,0.4022129436325679,120.0,0.05,0.14000100000000532,0.36000099999999935,0,0.0,677,1.4169138068518352e-05,0,0.0,1.0,True,70.35000000000001,0.15853338851214166,46.02611013245967,9.531049896049897,149.89307775208727,0.3121471839901859,Obstacle-rich corridor with three lateral rows of alternating cylindrical obstacles.,1,1,2,0.012421376248528071,0.0062106881242640355,1,4.166666666666667e-06,11,12,0.034539598228117245,0.007345192656402626,12,2.5e-05,14,2.9166666666666666e-05,0.046960974476645316,0.00335435531976038,0.007345192656402626,2400,0,0.0,0,0.0,1,2.0938023450586266e-08,2,4.166666666666667e-06,0.01242037624852807,0.01242037624852807,0.01242037624852807,0.01242037624852807,12,2.5e-05,0.0028772998523431035,0.007051179635943483,0.007285590052310798,0.007344192656402626,-0.007344192656402626,dropout_0p40,70.25,72.0,78.5
corridor_obstacles__proposed__N200__pl20__lat050__seed2__dropout_0p40,corridor_obstacles,proposed,200,2,0.2,50.0,4.0,12,4.0,4.0,0.4,0.0,0.0,0.0,0.4,0.0,4.0,0.0,0.0,0,95800,38380,0.40062630480167016,120.0,0.05,0.17670142316261153,0.3600009999999989,0,0.0,610,1.2766874773701912e-05,0,0.0,1.0,True,71.05,0.1608119450631054,45.36002563871469,9.518347193347193,157.17806902900338,0.3273179280070874,Obstacle-rich corridor with three lateral rows of alternating cylindrical obstacles.,0,0,0,0.0,0.0,0,0.0,7,7,0.02566280164106418,0.007097443626022575,7,1.4583333333333333e-05,7,1.4583333333333333e-05,0.02566280164106418,0.003666114520152026,0.007097443626022575,2400,0,0.0,0,0.0,0,0.0,0,0.0,0.0,0.0,0.0,0.0,7,1.4583333333333333e-05,0.0036651145201520258,0.006766345114839733,0.007030423923786006,0.007096443626022575,-0.007096443626022575,dropout_0p40,71.25,74.16666666666667,80.5
corridor_obstacles__proposed__N200__pl20__lat050__seed3__dropout_0p40,corridor_obstacles,proposed,200,3,0.2,50.0,4.0,12,4.0,4.0,0.4,0.0,0.0,0.0,0.4,0.0,4.0,0.0,0.0,0,95800,38501,0.4018893528183716,120.0,0.05,0.16357886890158385,0.36000099999999935,0,0.0,677,1.4169138068518352e-05,0,0.0,1.0,True,69.65,0.1614631709539106,45.61993230709425,9.505800415800415,161.93291992507875,0.3372197416182398,Obstacle-rich corridor with three lateral rows of alternating cylindrical obstacles.,0,0,0,0.0,0.0,0,0.0,8,9,0.06515183548438615,0.011998468231388141,9,1.875e-05,9,1.875e-05,0.06515183548438615,0.007239092831598461,0.011998468231388141,2400,0,0.0,0,0.0,0,0.0,0,0.0,0.0,0.0,0.0,0.0,9,1.875e-05,0.007238092831598462,0.011234962513315638,0.01184496708777364,0.011997468231388142,-0.011997468231388142,dropout_0p40,69.75,74.0,83.0
corridor_obstacles__proposed__N200__pl20__lat050__seed4__dropout_0p40,corridor_obstacles,proposed,200,4,0.2,50.0,4.0,12,4.0,4.0,0.4,0.0,0.0,0.0,0.4,0.0,4.0,0.0,0.0,0,95800,38120,0.39791231732776616,120.0,0.05,0.14000099999999918,0.360000999999999,0,0.0,701,1.4671441338303345e-05,0,0.0,1.0,True,70.65,0.15369228168842097,45.527148356936884,9.495654885654886,159.9352191053331,0.33305959830348414,Obstacle-rich corridor with three lateral rows of alternating cylindrical obstacles.,1,1,2,0.007243792089209111,0.0036218960446045556,1,4.166666666666667e-06,8,8,0.03040764675146978,0.009161931317418796,8,1.6666666666666667e-05,10,2.0833333333333333e-05,0.03765143884067889,0.003765143884067889,0.009161931317418796,2400,0,0.0,0,0.0,1,2.0938023450586266e-08,2,4.166666666666667e-06,0.00724279208920911,0.00724279208920911,0.00724279208920911,0.00724279208920911,8,1.6666666666666667e-05,0.003799955843933722,0.008690832298749361,0.00906691151368491,0.009160931317418797,-0.009160931317418797,dropout_0p40,70.83333333333333,73.0,82.75
corridor_obstacles__proposed__N200__pl20__lat050__seed0__latency_050ms,corridor_obstacles,proposed,200,0,0.2,50.0,4.0,12,4.0,4.0,0.0,50.0,0.0,0.0,0.0,50.0,4.0,0.0,0.0,1,0,0,0.0,120.0,0.05,0.26085487283253916,0.3600009999999998,0,0.0,185,3.87192103792599e-06,0,0.0,1.0,True,69.95,0.15514007100111513,37.82976251150631,9.472806652806653,157.76285193581134,0.32853571831697487,Obstacle-rich corridor with three lateral rows of alternating cylindrical obstacles.,0,0,0,0.0,0.0,0,0.0,8,9,0.03308885684074244,0.01113352017097066,9,1.875e-05,9,1.875e-05,0.03308885684074244,0.003676539648971382,0.01113352017097066,2400,0,0.0,0,0.0,0,0.0,0,0.0,0.0,0.0,0.0,0.0,9,1.875e-05,0.003675539648971382,0.009030914000192777,0.010712198936815085,0.011132520170970661,-0.011132520170970661,latency_050ms,70.0,74.75,78.5
corridor_obstacles__proposed__N200__pl20__lat050__seed1__latency_050ms,corridor_obstacles,proposed,200,1,0.2,50.0,4.0,12,4.0,4.0,0.0,50.0,0.0,0.0,0.0,50.0,4.0,0.0,0.0,1,0,0,0.0,120.0,0.05,0.2599347606596891,0.36000099999999957,0,0.0,155,3.2440419506947484e-06,0,0.0,1.0,True,69.60000000000001,0.15669564748629322,37.794301572475646,9.516621621621622,154.59810657799244,0.3219452448521292,Obstacle-rich corridor with three lateral rows of alternating cylindrical obstacles.,0,0,0,0.0,0.0,0,0.0,6,7,0.018763780178644798,0.0056304841835995425,7,1.4583333333333333e-05,7,1.4583333333333333e-05,0.018763780178644798,0.0026805400255206853,0.0056304841835995425,2400,0,0.0,0,0.0,0,0.0,0,0.0,0.0,0.0,0.0,0.0,7,1.4583333333333333e-05,0.0026795400255206847,0.005169175977803708,0.005537422542440375,0.005629484183599542,-0.005629484183599542,latency_050ms,69.625,72.5,76.0
corridor_obstacles__proposed__N200__pl20__lat050__seed2__latency_050ms,corridor_obstacles,proposed,200,2,0.2,50.0,4.0,12,4.0,4.0,0.0,50.0,0.0,0.0,0.0,50.0,4.0,0.0,0.0,1,0,0,0.0,120.0,0.05,0.33618849898520464,0.36000099999999935,0,0.0,85,1.7789907471551845e-06,0,0.0,1.0,True,68.9,0.1571501343951896,37.673677942794455,9.479282744282743,154.71913067484275,0.3221972733753493,Obstacle-rich corridor with three lateral rows of alternating cylindrical obstacles.,0,0,0,0.0,0.0,0,0.0,6,6,0.020643346265703456,0.011802324318907901,6,1.25e-05,6,1.25e-05,0.020643346265703456,0.003440557710950576,0.011802324318907901,2400,0,0.0,0,0.0,0,0.0,0,0.0,0.0,0.0,0.0,0.0,6,1.25e-05,0.003439557710950577,0.010149493048038194,0.011470958064733961,0.011801324318907902,-0.011801324318907902,latency_050ms,69.0,71.75,78.0
corridor_obstacles__proposed__N200__pl20__lat050__seed3__latency_050ms,corridor_obstacles,proposed,200,3,0.2,50.0,4.0,12,4.0,4.0,0.0,50.0,0.0,0.0,0.0,50.0,4.0,0.0,0.0,1,0,0,0.0,120.0,0.05,0.26727631390798384,0.3600009999999991,0,0.0,166,3.474264282679537e-06,0,0.0,1.0,True,70.65,0.16305225185684805,37.91206301005242,9.51962577962578,161.47608527261764,0.33626839915164025,Obstacle-rich corridor with three lateral rows of alternating cylindrical obstacles.,0,0,0,0.0,0.0,0,0.0,4,4,0.004626840876452595,0.0021562938473725637,4,8.333333333333334e-06,4,8.333333333333334e-06,0.004626840876452595,0.0011567102191131487,0.0021562938473725637,2400,0,0.0,0,0.0,0,0.0,0,0.0,0.0,0.0,0.0,0.0,4,8.333333333333334e-06,0.0011557102191131485,0.0021340631565512137,0.0021510477092082933,0.0021552938473725636,-0.0021552938473725636,latency_050ms,70.58333333333333,74.0,78.5
corridor_obstacles__proposed__N200__pl20__lat050__seed4__latency_050ms,corridor_obstacles,proposed,200,4,0.2,50.0,4.0,12,4.0,4.0,0.0,50.0,0.0,0.0,0.0,50.0,4.0,0.0,0.0,1,0,0,0.0,120.0,0.05,0.24437318862471896,0.3600009999999987,0,0.0,160,3.3486884652332883e-06,0,0.0,1.0,True,69.15,0.15769295372748632,37.73409884475585,9.494220374220374,157.83535623876378,0.32868670603657596,Obstacle-rich corridor with three lateral rows of alternating cylindrical obstacles.,0,0,0,0.0,0.0,0,0.0,6,7,0.028364330590183194,0.011080582836243106,7,1.4583333333333333e-05,7,1.4583333333333333e-05,0.028364330590183194,0.004052047227169028,0.011080582836243106,2400,0,0.0,0,0.0,0,0.0,0,0.0,0.0,0.0,0.0,0.0,7,1.4583333333333333e-05,0.004051047227169028,0.009571177018173135,0.010777901672629112,0.011079582836243107,-0.011079582836243107,latency_050ms,69.21428571428571,71.75,78.5
corridor_obstacles__proposed__N200__pl20__lat050__seed0__latency_100ms,corridor_obstacles,proposed,200,0,0.2,50.0,4.0,12,4.0,4.0,0.0,100.0,0.0,0.0,0.0,100.0,4.0,0.0,0.0,2,0,0,0.0,120.0,0.05,0.2641210696451722,0.3600009999999987,0,0.0,210,4.3951536106186914e-06,0,0.0,1.0,True,70.10000000000001,0.1589823508949373,38.42023239623326,9.539022869022869,160.63347415113822,0.334513690443853,Obstacle-rich corridor with three lateral rows of alternating cylindrical obstacles.,0,0,0,0.0,0.0,0,0.0,5,5,0.014595622676619926,0.004129435325917224,5,1.0416666666666666e-05,5,1.0416666666666666e-05,0.014595622676619926,0.002919124535323985,0.004129435325917224,2400,0,0.0,0,0.0,0,0.0,0,0.0,0.0,0.0,0.0,0.0,5,1.0416666666666666e-05,0.002918124535323985,0.004095942826970278,0.004121936826127834,0.0041284353259172235,-0.0041284353259172235,latency_100ms,70.25,71.83333333333333,76.0
corridor_obstacles__proposed__N200__pl20__lat050__seed1__latency_100ms,corridor_obstacles,proposed,200,1,0.2,50.0,4.0,12,4.0,4.0,0.0,100.0,0.0,0.0,0.0,100.0,4.0,0.0,0.0,2,0,0,0.0,120.0,0.05,0.34086694402345197,0.3600009999999998,0,0.0,94,1.967354473324557e-06,0,0.0,1.0,True,69.8,0.1553247060236362,37.429820996045855,9.51012474012474,162.61662210477516,0.3386435279149837,Obstacle-rich corridor with three lateral rows of alternating cylindrical obstacles.,0,0,0,0.0,0.0,0,0.0,8,9,0.03153933330384214,0.008939074248095561,9,1.875e-05,9,1.875e-05,0.03153933330384214,0.0035043703670935714,0.008939074248095561,2400,0,0.0,0,0.0,0,0.0,0,0.0,0.0,0.0,0.0,0.0,9,1.875e-05,0.0035033703670935713,0.008111758794154288,0.008772811157307308,0.008938074248095562,-0.008938074248095562,latency_100ms,69.91666666666667,73.0,79.5
corridor_obstacles__proposed__N200__pl20__lat050__seed2__latency_100ms,corridor_obstacles,proposed,200,2,0.2,50.0,4.0,12,4.0,4.0,0.0,100.0,0.0,0.0,0.0,100.0,4.0,0.0,0.0,2,0,0,0.0,120.0,0.05,0.2783150316047203,0.3600009999999987,0,0.0,109,2.2812940169401777e-06,0,0.0,0.995,True,71.2,0.1654964023238321,38.066059972346444,9.498939708939709,164.55827301787212,0.3426869492250565,Obstacle-rich corridor with three lateral rows of alternating cylindrical obstacles.,0,0,0,0.0,0.0,0,0.0,5,5,0.018491123770950822,0.006459209095264733,5,1.0416666666666666e-05,5,1.0416666666666666e-05,0.018491123770950822,0.0036982247541901643,0.006459209095264733,2400,0,0.0,0,0.0,0,0.0,0,0.0,0.0,0.0,0.0,0.0,5,1.0416666666666666e-05,0.003697224754190165,0.006103372502390369,0.00638724177668986,0.006458209095264733,-0.006458209095264733,latency_100ms,71.25,74.25,82.0
corridor_obstacles__proposed__N200__pl20__lat050__seed3__latency_100ms,corridor_obstacles,proposed,200,3,0.2,50.0,4.0,12,4.0,4.0,0.0,100.0,0.0,0.0,0.0,100.0,4.0,0.0,0.0,2,0,0,0.0,120.0,0.05,0.29621557951317445,0.3600009999999999,0,0.0,161,3.3696177681409967e-06,0,0.0,1.0,True,70.4,0.15798490508657445,38.76906183740563,9.551663201663201,156.90908672008663,0.3267577815911842,Obstacle-rich corridor with three lateral rows of alternating cylindrical obstacles.,0,0,0,0.0,0.0,0,0.0,3,3,0.012551187712075442,0.006101773527961678,3,6.25e-06,3,6.25e-06,0.012551187712075442,0.004183729237358481,0.006101773527961678,2400,0,0.0,0,0.0,0,0.0,0,0.0,0.0,0.0,0.0,0.0,3,6.25e-06,0.004182729237358481,0.005820206878322231,0.0060446601980337885,0.006100773527961678,-0.006100773527961678,latency_100ms,70.5,72.0,78.5
corridor_obstacles__proposed__N200__pl20__lat050__seed4__latency_100ms,corridor_obstacles,proposed,200,4,0.2,50.0,4.0,12,4.0,4.0,0.0,100.0,0.0,0.0,0.0,100.0,4.0,0.0,0.0,2,0,0,0.0,120.0,0.05,0.3031330522279151,0.3600009999999998,0,0.0,190,3.97656755246453e-06,0,0.0,1.0,True,70.15,0.16332704024635988,38.67130093118342,9.538690228690228,161.10518640791997,0.3354960150102457,Obstacle-rich corridor with three lateral rows of alternating cylindrical obstacles.,0,0,0,0.0,0.0,0,0.0,3,3,0.01100597124321159,0.006087072838799028,3,6.25e-06,3,6.25e-06,0.01100597124321159,0.0036686570810705297,0.006087072838799028,2400,0,0.0,0,0.0,0,0.0,0,0.0,0.0,0.0,0.0,0.0,3,6.25e-06,0.00366765708107053,0.00572610292087412,0.006014078855214046,0.006086072838799028,-0.006086072838799028,latency_100ms,70.16666666666667,73.16666666666667,76.0
corridor_obstacles__proposed__N200__pl20__lat050__seed0__latency_250ms,corridor_obstacles,proposed,200,0,0.2,50.0,4.0,12,4.0,4.0,0.0,250.0,0.0,0.0,0.0,250.0,4.0,0.0,0.0,5,0,0,0.0,120.0,0.05,0.20919340664061828,0.3600009999999989,0,0.0,141,2.9510317099868357e-06,0,0.0,1.0,True,72.65,0.15465919855819157,39.40630880545248,9.495072765072765,166.91641155676916,0.34759769170505866,Obstacle-rich corridor with three lateral rows of alternating cylindrical obstacles.,0,0,0,0.0,0.0,0,0.0,4,4,0.004321577569714181,0.0013112145298249378,4,8.333333333333334e-06,4,8.333333333333334e-06,0.004321577569714181,0.0010803943924285453,0.0013112145298249378,2400,0,0.0,0,0.0,0,0.0,0,0.0,0.0,0.0,0.0,0.0,4,8.333333333333334e-06,0.0010793943924285454,0.0013085118014436459,0.0013098739841486795,0.001310214529824938,-0.001310214529824938,latency_250ms,72.8,76.16666666666667,78.5
corridor_obstacles__proposed__N200__pl20__lat050__seed1__latency_250ms,corridor_obstacles,proposed,200,1,0.2,50.0,4.0,12,4.0,4.0,0.0,250.0,0.0,0.0,0.0,250.0,4.0,0.0,0.0,5,0,0,0.0,120.0,0.05,0.211586087415107,0.3600009999999991,0,0.0,319,6.676447627558869e-06,0,0.0,1.0,True,72.10000000000001,0.15865893514707408,40.211724398082424,9.52531185031185,153.2144834040664,0.3190638971346656,Obstacle-rich corridor with three lateral rows of alternating cylindrical obstacles.,0,0,0,0.0,0.0,0,0.0,4,4,0.011761760102998559,0.004411379294333078,4,8.333333333333334e-06,4,8.333333333333334e-06,0.011761760102998559,0.0029404400257496397,0.004411379294333078,2400,0,0.0,0,0.0,0,0.0,0,0.0,0.0,0.0,0.0,0.0,4,8.333333333333334e-06,0.00293944002574964,0.004299383568784476,0.004388180149223357,0.004410379294333078,-0.004410379294333078,latency_250ms,72.33333333333333,75.25,82.5
corridor_obstacles__proposed__N200__pl20__lat050__seed2__latency_250ms,corridor_obstacles,proposed,200,2,0.2,50.0,4.0,12,4.0,4.0,0.0,250.0,0.0,0.0,0.0,250.0,4.0,0.0,0.0,5,0,0,0.0,120.0,0.05,0.20949016432295348,0.360001,0,0.0,233,4.876527577495976e-06,0,0.0,1.0,True,71.85000000000001,0.16377948343470755,39.31554660034742,9.507952182952183,157.83079059794545,0.32867719824645036,Obstacle-rich corridor with three lateral rows of alternating cylindrical obstacles.,0,0,0,0.0,0.0,0,0.0,2,2,0.0035483007801677107,0.0030365110043402968,2,4.166666666666667e-06,2,4.166666666666667e-06,0.0035483007801677107,0.0017741503900838554,0.0030365110043402968,2400,0,0.0,0,0.0,0,0.0,0,0.0,0.0,0.0,0.0,0.0,2,4.166666666666667e-06,0.0017731503900838552,0.0029092749429146525,0.003010263792055168,0.0030355110043402966,-0.0030355110043402966,latency_250ms,71.75,75.25,80.0
corridor_obstacles__proposed__N200__pl20__lat050__seed3__latency_250ms,corridor_obstacles,proposed,200,3,0.2,50.0,4.0,12,4.0,4.0,0.0,250.0,0.0,0.0,0.0,250.0,4.0,0.0,0.0,5,0,0,0.0,120.0,0.05,0.28603510025055334,0.3600009999999989,0,0.0,199,4.164931278633902e-06,0,0.0,1.0,True,73.2,0.1546706400828987,39.4414498951857,9.532869022869022,152.40788393002003,0.31738418144527286,Obstacle-rich corridor with three lateral rows of alternating cylindrical obstacles.,0,0,0,0.0,0.0,0,0.0,6,6,0.013117423519428732,0.00868047952554493,6,1.25e-05,6,1.25e-05,0.013117423519428732,0.002186237253238122,0.00868047952554493,2400,0,0.0,0,0.0,0,0.0,0,0.0,0.0,0.0,0.0,0.0,6,1.25e-05,0.0021852372532381223,0.007000621409701757,0.008343707902376298,0.00867947952554493,-0.00867947952554493,latency_250ms,73.125,75.0,80.0
corridor_obstacles__proposed__N200__pl20__lat050__seed4__latency_250ms,corridor_obstacles,proposed,200,4,0.2,50.0,4.0,12,4.0,4.0,0.0,250.0,0.0,0.0,0.0,250.0,4.0,0.0,0.0,5,0,0,0.0,120.0,0.05,0.2606985435992322,0.3600009999999989,0,0.0,177,3.704486614664325e-06,0,0.0,1.0,True,71.85000000000001,0.1576850756909872,38.90726308903206,9.516444906444907,149.69694499438629,0.31173874426152914,Obstacle-rich corridor with three lateral rows of alternating cylindrical obstacles.,0,0,0,0.0,0.0,0,0.0,5,5,0.01146508306061197,0.004215198871173469,5,1.0416666666666666e-05,5,1.0416666666666666e-05,0.01146508306061197,0.0022930166121223937,0.004215198871173469,2400,0,0.0,0,0.0,0,0.0,0,0.0,0.0,0.0,0.0,0.0,5,1.0416666666666666e-05,0.002292016612122394,0.004171107499779447,0.004205580596894664,0.004214198871173469,-0.004214198871173469,latency_250ms,72.0,75.5,82.5
corridor_obstacles__proposed__N200__pl20__lat050__seed0__noise_0p005_0p010,corridor_obstacles,proposed,200,0,0.2,50.0,4.0,12,4.0,4.0,0.0,0.0,0.005,0.01,0.0,0.0,4.0,0.005,0.01,0,0,0,0.0,120.0,0.05,0.25489545845990225,0.36000099999999924,0,0.0,178,3.7254159175720335e-06,0,0.0,1.0,True,69.35000000000001,0.15827957936041626,38.366617751678604,9.499054054054055,151.51532085891813,0.3155254495187799,Obstacle-rich corridor with three lateral rows of alternating cylindrical obstacles.,0,0,0,0.0,0.0,0,0.0,5,5,0.013678187236042496,0.006737296905880401,5,1.0416666666666666e-05,5,1.0416666666666666e-05,0.013678187236042496,0.0027356374472084994,0.006737296905880401,2400,0,0.0,0,0.0,0,0.0,0,0.0,0.0,0.0,0.0,0.0,5,1.0416666666666666e-05,0.002734637447208499,0.00616069565071391,0.006621176654847103,0.006736296905880401,-0.006736296905880401,noise_0p005_0p010,69.25,72.5,80.0
corridor_obstacles__proposed__N200__pl20__lat050__seed1__noise_0p005_0p010,corridor_obstacles,proposed,200,1,0.2,50.0,4.0,12,4.0,4.0,0.0,0.0,0.005,0.01,0.0,0.0,4.0,0.005,0.01,0,0,0,0.0,120.0,0.05,0.3133727356744116,0.3600009999999998,0,0.0,124,2.5952335605557984e-06,0,0.0,1.0,True,68.85000000000001,0.16213387626960457,37.39537314094896,9.482765072765073,151.1666896850802,0.31479943707846775,Obstacle-rich corridor with three lateral rows of alternating cylindrical obstacles.,0,0,0,0.0,0.0,0,0.0,4,4,0.022382269986232488,0.011780904276466801,4,8.333333333333334e-06,4,8.333333333333334e-06,0.022382269986232488,0.005595567496558122,0.011780904276466801,2400,0,0.0,0,0.0,0,0.0,0,0.0,0.0,0.0,0.0,0.0,4,8.333333333333334e-06,0.005594567496558123,0.010980974052358726,0.011620118231645186,0.011779904276466802,-0.011779904276466802,noise_0p005_0p010,69.0,71.5,78.0
corridor_obstacles__proposed__N200__pl20__lat050__seed2__noise_0p005_0p010,corridor_obstacles,proposed,200,2,0.2,50.0,4.0,12,4.0,4.0,0.0,0.0,0.005,0.01,0.0,0.0,4.0,0.005,0.01,0,0,0,0.0,120.0,0.05,0.2844803723198287,0.36000099999999957,0,0.0,199,4.164931278633902e-06,0,0.0,1.0,True,68.95,0.1600409729538675,38.02702715583327,9.545800415800416,156.8684001918882,0.32667305329422786,Obstacle-rich corridor with three lateral rows of alternating cylindrical obstacles.,0,0,0,0.0,0.0,0,0.0,6,7,0.03069089163400953,0.01050266517597062,7,1.4583333333333333e-05,7,1.4583333333333333e-05,0.03069089163400953,0.00438441309057279,0.01050266517597062,2400,0,0.0,0,0.0,0,0.0,0,0.0,0.0,0.0,0.0,0.0,7,1.4583333333333333e-05,0.00438341309057279,0.009483930266755534,0.010298118194127601,0.01050166517597062,-0.01050166517597062,noise_0p005_0p010,69.0,72.0,77.75
corridor_obstacles__proposed__N200__pl20__lat050__seed3__noise_0p005_0p010,corridor_obstacles,proposed,200,3,0.2,50.0,4.0,12,4.0,4.0,0.0,0.0,0.005,0.01,0.0,0.0,4.0,0.005,0.01,0,0,0,0.0,120.0,0.05,0.252886375907007,0.3600009999999987,0,0.0,236,4.9393154862191e-06,0,0.0,1.0,True,68.75,0.1551458665755601,37.968939019221025,9.491819126819127,151.28918283199891,0.31505452484797775,Obstacle-rich corridor with three lateral rows of alternating cylindrical obstacles.,0,0,0,0.0,0.0,0,0.0,8,8,0.027403345708370656,0.011178953944576213,8,1.6666666666666667e-05,8,1.6666666666666667e-05,0.027403345708370656,0.003425418213546332,0.011178953944576213,2400,0,0.0,0,0.0,0,0.0,0,0.0,0.0,0.0,0.0,0.0,8,1.6666666666666667e-05,0.003424418213546332,0.009458198820563243,0.010834002919773619,0.011177953944576213,-0.011177953944576213,noise_0p005_0p010,68.625,70.33333333333333,75.5
corridor_obstacles__proposed__N200__pl20__lat050__seed4__noise_0p005_0p010,corridor_obstacles,proposed,200,4,0.2,50.0,4.0,12,4.0,4.0,0.0,0.0,0.005,0.01,0.0,0.0,4.0,0.005,0.01,0,0,0,0.0,120.0,0.05,0.26729888649702327,0.3600009999999999,0,0.0,232,4.855598274588269e-06,0,0.0,1.0,True,69.4,0.15905539760918247,38.05074578919132,9.509501039501039,152.266936883796,0.3170906640645481,Obstacle-rich corridor with three lateral rows of alternating cylindrical obstacles.,0,0,0,0.0,0.0,0,0.0,4,4,0.008319268985153555,0.003945101581149218,4,8.333333333333334e-06,4,8.333333333333334e-06,0.008319268985153555,0.002079817246288389,0.003945101581149218,2400,0,0.0,0,0.0,0,0.0,0,0.0,0.0,0.0,0.0,0.0,4,8.333333333333334e-06,0.002078817246288389,0.003711055611509994,0.0038974923872213724,0.0039441015811492175,-0.0039441015811492175,noise_0p005_0p010,69.5,71.0,76.5
corridor_obstacles__proposed__N200__pl20__lat050__seed0__noise_0p010_0p020,corridor_obstacles,proposed,200,0,0.2,50.0,4.0,12,4.0,4.0,0.0,0.0,0.01,0.02,0.0,0.0,4.0,0.01,0.02,0,0,0,0.0,120.0,0.05,0.27442798707484206,0.36000099999999924,0,0.0,160,3.3486884652332883e-06,0,0.0,1.0,True,68.65,0.16160142576046102,38.94758409167426,9.507401247401248,153.32114295708016,0.3192860119889216,Obstacle-rich corridor with three lateral rows of alternating cylindrical obstacles.,0,0,0,0.0,0.0,0,0.0,5,5,0.011292786007849298,0.004536719035209551,5,1.0416666666666666e-05,5,1.0416666666666666e-05,0.011292786007849298,0.0022585572015698598,0.004536719035209551,2400,0,0.0,0,0.0,0,0.0,0,0.0,0.0,0.0,0.0,0.0,5,1.0416666666666666e-05,0.0022575572015698596,0.004389836828563487,0.004506542593880339,0.004535719035209551,-0.004535719035209551,noise_0p010_0p020,69.0,72.0,77.0
corridor_obstacles__proposed__N200__pl20__lat050__seed1__noise_0p010_0p020,corridor_obstacles,proposed,200,1,0.2,50.0,4.0,12,4.0,4.0,0.0,0.0,0.01,0.02,0.0,0.0,4.0,0.01,0.02,0,0,0,0.0,120.0,0.05,0.23394750672759726,0.36000099999999935,0,0.0,154,3.22311264778704e-06,0,0.0,1.0,True,68.4,0.15353302208627714,38.449154929168074,9.489189189189188,153.52475209720433,0.31971002102708107,Obstacle-rich corridor with three lateral rows of alternating cylindrical obstacles.,0,0,0,0.0,0.0,0,0.0,5,5,0.02029686600928745,0.013042477559672553,5,1.0416666666666666e-05,5,1.0416666666666666e-05,0.02029686600928745,0.00405937320185749,0.013042477559672553,2400,0,0.0,0,0.0,0,0.0,0,0.0,0.0,0.0,0.0,0.0,5,1.0416666666666666e-05,0.0040583732018574905,0.011040169912404127,0.01264121603021887,0.013041477559672554,-0.013041477559672554,noise_0p010_0p020,68.33333333333333,72.0,78.5
corridor_obstacles__proposed__N200__pl20__lat050__seed2__noise_0p010_0p020,corridor_obstacles,proposed,200,2,0.2,50.0,4.0,12,4.0,4.0,0.0,0.0,0.01,0.02,0.0,0.0,4.0,0.01,0.02,0,0,0,0.0,120.0,0.05,0.29797494682022785,0.36000099999999935,0,0.0,126,2.6370921663712146e-06,0,0.0,1.0,True,68.65,0.1586302679699502,38.201314657302824,9.476528066528067,163.22086818423122,0.3399018496131429,Obstacle-rich corridor with three lateral rows of alternating cylindrical obstacles.,0,0,0,0.0,0.0,0,0.0,4,4,0.007356059508956677,0.004401084920458181,4,8.333333333333334e-06,4,8.333333333333334e-06,0.007356059508956677,0.0018390148772391693,0.004401084920458181,2400,0,0.0,0,0.0,0,0.0,0,0.0,0.0,0.0,0.0,0.0,4,8.333333333333334e-06,0.0018380148772391691,0.0040192896871030885,0.004323925873787162,0.0044000849204581804,-0.0044000849204581804,noise_0p010_0p020,68.66666666666667,72.33333333333333,80.0
corridor_obstacles__proposed__N200__pl20__lat050__seed3__noise_0p010_0p020,corridor_obstacles,proposed,200,3,0.2,50.0,4.0,12,4.0,4.0,0.0,0.0,0.01,0.02,0.0,0.0,4.0,0.01,0.02,0,0,0,0.0,120.0,0.05,0.28238171017805525,0.360000999999999,0,0.0,172,3.5998401001257853e-06,0,0.0,1.0,True,69.8,0.16172822092216485,39.19641298197312,9.482588357588357,148.10178688913584,0.30841688231806713,Obstacle-rich corridor with three lateral rows of alternating cylindrical obstacles.,0,0,0,0.0,0.0,0,0.0,2,2,0.003434406436714164,0.0027546894882924658,2,4.166666666666667e-06,2,4.166666666666667e-06,0.003434406436714164,0.001717203218357082,0.0027546894882924658,2400,0,0.0,0,0.0,0,0.0,0,0.0,0.0,0.0,0.0,0.0,2,4.166666666666667e-06,0.001716203218357082,0.002649940861298927,0.002732939762893758,0.0027536894882924656,-0.0027536894882924656,noise_0p010_0p020,69.66666666666667,72.5,80.5
corridor_obstacles__proposed__N200__pl20__lat050__seed4__noise_0p010_0p020,corridor_obstacles,proposed,200,4,0.2,50.0,4.0,12,4.0,4.0,0.0,0.0,0.01,0.02,0.0,0.0,4.0,0.01,0.02,0,0,0,0.0,120.0,0.05,0.2790351159854646,0.36000099999999935,0,0.0,251,5.253255029834721e-06,0,0.0,1.0,True,69.45,0.16074631338271178,38.64433695833254,9.496850311850311,151.3266704431735,0.3151325915101489,Obstacle-rich corridor with three lateral rows of alternating cylindrical obstacles.,0,0,0,0.0,0.0,0,0.0,7,7,0.019577562223933278,0.006412299716995389,7,1.4583333333333333e-05,7,1.4583333333333333e-05,0.019577562223933278,0.0027967946034190396,0.006412299716995389,2400,0,0.0,0,0.0,0,0.0,0,0.0,0.0,0.0,0.0,0.0,7,1.4583333333333333e-05,0.002795794603419039,0.005885556193573847,0.00630615101231108,0.006411299716995389,-0.006411299716995389,noise_0p010_0p020,69.4,71.5,79.5
corridor_obstacles__proposed__N200__pl20__lat050__seed0__noise_0p020_0p040,corridor_obstacles,proposed,200,0,0.2,50.0,4.0,12,4.0,4.0,0.0,0.0,0.02,0.04,0.0,0.0,4.0,0.02,0.04,0,0,0,0.0,120.0,0.05,0.27776174359369815,0.3600009999999991,0,0.0,224,4.688163851326604e-06,0,0.0,1.0,True,69.0,0.1646787386570046,42.936627961806565,9.529740124740124,156.2259682752192,0.3253352109021641,Obstacle-rich corridor with three lateral rows of alternating cylindrical obstacles.,0,0,0,0.0,0.0,0,0.0,5,5,0.005547271416831835,0.002008695074644156,5,1.0416666666666666e-05,5,1.0416666666666666e-05,0.005547271416831835,0.001109454283366367,0.002008695074644156,2400,0,0.0,0,0.0,0,0.0,0,0.0,0.0,0.0,0.0,0.0,5,1.0416666666666666e-05,0.0011084542833663669,0.0018128527699481365,0.001968726613704952,0.0020076950746441558,-0.0020076950746441558,noise_0p020_0p040,69.0,72.375,80.0
corridor_obstacles__proposed__N200__pl20__lat050__seed1__noise_0p020_0p040,corridor_obstacles,proposed,200,1,0.2,50.0,4.0,12,4.0,4.0,0.0,0.0,0.02,0.04,0.0,0.0,4.0,0.02,0.04,0,0,0,0.0,120.0,0.05,0.29002470423476917,0.36000099999999935,0,0.0,169,3.537052191402661e-06,0,0.0,1.0,True,68.5,0.1604484033333941,42.48252739289958,9.533513513513514,153.3307681470178,0.3193060561162387,Obstacle-rich corridor with three lateral rows of alternating cylindrical obstacles.,0,0,0,0.0,0.0,0,0.0,2,2,0.0030171015527277727,0.002312358778881889,2,4.166666666666667e-06,2,4.166666666666667e-06,0.0030171015527277727,0.0015085507763638864,0.002312358778881889,2400,0,0.0,0,0.0,0,0.0,0,0.0,0.0,0.0,0.0,0.0,2,4.166666666666667e-06,0.0015075507763638862,0.0022309779786300887,0.002295282618831529,0.002311358778881889,-0.002311358778881889,noise_0p020_0p040,68.5,71.33333333333333,76.0
corridor_obstacles__proposed__N200__pl20__lat050__seed2__noise_0p020_0p040,corridor_obstacles,proposed,200,2,0.2,50.0,4.0,12,4.0,4.0,0.0,0.0,0.02,0.04,0.0,0.0,4.0,0.02,0.04,0,0,0,0.0,120.0,0.05,0.3159229278571079,0.360001,0,0.0,125,2.6161628634635067e-06,0,0.0,1.0,True,70.15,0.15811729170158823,42.86559715558094,9.518773388773388,154.69322386430576,0.3221433233325818,Obstacle-rich corridor with three lateral rows of alternating cylindrical obstacles.,0,0,0,0.0,0.0,0,0.0,2,2,0.007230200720418743,0.005364628210689253,2,4.166666666666667e-06,2,4.166666666666667e-06,0.007230200720418743,0.0036151003602093714,0.005364628210689253,2400,0,0.0,0,0.0,0,0.0,0,0.0,0.0,0.0,0.0,0.0,2,4.166666666666667e-06,0.0036141003602093713,0.005188675425641265,0.005328637653679655,0.005363628210689253,-0.005363628210689253,noise_0p020_0p040,70.125,72.0,78.25
corridor_obstacles__proposed__N200__pl20__lat050__seed3__noise_0p020_0p040,corridor_obstacles,proposed,200,3,0.2,50.0,4.0,12,4.0,4.0,0.0,0.0,0.02,0.04,0.0,0.0,4.0,0.02,0.04,0,0,0,0.0,120.0,0.05,0.2873171414136189,0.36000094706835173,0,0.0,232,4.855598274588269e-06,0,0.0,1.0,True,68.65,0.1591228695842289,42.4631231824521,9.502442827442827,154.4421519273892,0.3216204746509563,Obstacle-rich corridor with three lateral rows of alternating cylindrical obstacles.,0,0,0,0.0,0.0,0,0.0,8,8,0.03351923259429123,0.009311519270074424,8,1.6666666666666667e-05,8,1.6666666666666667e-05,0.03351923259429123,0.004189904074286404,0.009311519270074424,2400,0,0.0,0,0.0,0,0.0,0,0.0,0.0,0.0,0.0,0.0,8,1.6666666666666667e-05,0.004188904074286404,0.009081172573693685,0.009264649930798277,0.009310519270074424,-0.009310519270074424,noise_0p020_0p040,68.75,71.5,75.5
corridor_obstacles__proposed__N200__pl20__lat050__seed4__noise_0p020_0p040,corridor_obstacles,proposed,200,4,0.2,50.0,4.0,12,4.0,4.0,0.0,0.0,0.02,0.04,0.0,0.0,4.0,0.02,0.04,0,0,0,0.0,120.0,0.05,0.32721872142405234,0.36000099999999857,0,0.0,177,3.704486614664325e-06,0,0.0,1.0,True,68.8,0.1630216807529909,42.53938847219202,9.463835758835758,152.47558191418648,0.3175251601711505,Obstacle-rich corridor with three lateral rows of alternating cylindrical obstacles.,0,0,0,0.0,0.0,0,0.0,8,8,0.03333257108457598,0.009962663646027574,8,1.6666666666666667e-05,8,1.6666666666666667e-05,0.03333257108457598,0.004166571385571998,0.009962663646027574,2400,0,0.0,0,0.0,0,0.0,0,0.0,0.0,0.0,0.0,0.0,8,1.6666666666666667e-05,0.004165571385571998,0.00862665529902704,0.009694661976627467,0.009961663646027574,-0.009961663646027574,noise_0p020_0p040,69.0,71.0,75.5
corridor_obstacles__proposed__N200__pl20__lat050__seed0__noise_0p050_0p100,corridor_obstacles,proposed,200,0,0.2,50.0,4.0,12,4.0,4.0,0.0,0.0,0.05,0.1,0.0,0.0,4.0,0.05,0.1,0,0,0,0.0,120.0,0.05,0.23458403096914518,0.3600009999999989,0,0.0,231,4.83466897168056e-06,0,0.0,1.0,True,68.25,0.1571893016333823,62.7171280639191,9.518866943866945,152.63441275199875,0.3178559199333585,Obstacle-rich corridor with three lateral rows of alternating cylindrical obstacles.,0,0,0,0.0,0.0,0,0.0,4,4,0.010669951228344238,0.007993397907048198,4,8.333333333333334e-06,4,8.333333333333334e-06,0.010669951228344238,0.0026674878070860595,0.007993397907048198,2400,0,0.0,0,0.0,0,0.0,0,0.0,0.0,0.0,0.0,0.0,4,8.333333333333334e-06,0.00266648780708606,0.007075928692143927,0.007809104064067343,0.007992397907048199,-0.007992397907048199,noise_0p050_0p100,68.25,70.75,75.0
corridor_obstacles__proposed__N200__pl20__lat050__seed1__noise_0p050_0p100,corridor_obstacles,proposed,200,1,0.2,50.0,4.0,12,4.0,4.0,0.0,0.0,0.05,0.1,0.0,0.0,4.0,0.05,0.1,0,0,0,0.0,120.0,0.05,0.25536279165191583,0.3600009999999987,0,0.0,287,6.006709934512211e-06,0,0.0,1.0,True,69.25,0.16151041504665836,62.95790258524715,9.530613305613306,157.04284778004512,0.3270363344024263,Obstacle-rich corridor with three lateral rows of alternating cylindrical obstacles.,0,0,0,0.0,0.0,0,0.0,6,6,0.018717370225167777,0.005907883234289673,6,1.25e-05,6,1.25e-05,0.018717370225167777,0.0031195617041946296,0.005907883234289673,2400,0,0.0,0,0.0,0,0.0,0,0.0,0.0,0.0,0.0,0.0,6,1.25e-05,0.00311856170419463,0.005625685098781863,0.0058506436071881105,0.005906883234289673,-0.005906883234289673,noise_0p050_0p100,69.41666666666667,71.375,74.5
corridor_obstacles__proposed__N200__pl20__lat050__seed2__noise_0p050_0p100,corridor_obstacles,proposed,200,2,0.2,50.0,4.0,12,4.0,4.0,0.0,0.0,0.05,0.1,0.0,0.0,4.0,0.05,0.1,0,0,0,0.0,120.0,0.05,0.23374756155045148,0.3600004818442287,0,0.0,227,4.750951760049728e-06,0,0.0,1.0,True,69.25,0.15876200981567748,62.088202388593366,9.497733887733888,158.00014387397096,0.3290298706246792,Obstacle-rich corridor with three lateral rows of alternating cylindrical obstacles.,0,0,0,0.0,0.0,0,0.0,4,4,0.016662964404501653,0.007536414054171463,4,8.333333333333334e-06,4,8.333333333333334e-06,0.016662964404501653,0.004165741101125413,0.007536414054171463,2400,0,0.0,0,0.0,0,0.0,0,0.0,0.0,0.0,0.0,0.0,4,8.333333333333334e-06,0.004164741101125413,0.007524829531124233,0.007533297149562017,0.007535414054171463,-0.007535414054171463,noise_0p050_0p100,69.5,72.66666666666667,78.5
corridor_obstacles__proposed__N200__pl20__lat050__seed3__noise_0p050_0p100,corridor_obstacles,proposed,200,3,0.2,50.0,4.0,12,4.0,4.0,0.0,0.0,0.05,0.1,0.0,0.0,4.0,0.05,0.1,0,0,0,0.0,120.0,0.05,0.27354873436167376,0.36000099999999935,0,0.0,186,3.8928503408336976e-06,0,0.0,1.0,True,68.60000000000001,0.16075953555544564,62.760983216937795,9.487370062370063,157.4845483819954,0.3279561607288534,Obstacle-rich corridor with three lateral rows of alternating cylindrical obstacles.,0,0,0,0.0,0.0,0,0.0,5,5,0.023232332742162378,0.008274520304628689,5,1.0416666666666666e-05,5,1.0416666666666666e-05,0.023232332742162378,0.004646466548432476,0.008274520304628689,2400,0,0.0,0,0.0,0,0.0,0,0.0,0.0,0.0,0.0,0.0,5,1.0416666666666666e-05,0.004645466548432476,0.008018380342574094,0.00822249231221777,0.00827352030462869,-0.00827352030462869,noise_0p050_0p100,68.6,71.0,79.5
corridor_obstacles__proposed__N200__pl20__lat050__seed4__noise_0p050_0p100,corridor_obstacles,proposed,200,4,0.2,50.0,4.0,12,4.0,4.0,0.0,0.0,0.05,0.1,0.0,0.0,4.0,0.05,0.1,0,0,0,0.0,120.0,0.05,0.2536116730787239,0.3600009999999991,0,0.0,227,4.750951760049728e-06,0,0.0,1.0,True,68.85000000000001,0.15678730927618592,61.75206813439812,9.510738045738046,154.4106179480441,0.32155480622249916,Obstacle-rich corridor with three lateral rows of alternating cylindrical obstacles.,0,0,0,0.0,0.0,0,0.0,11,11,0.03640388342877634,0.00881721343167449,11,2.2916666666666667e-05,11,2.2916666666666667e-05,0.03640388342877634,0.003309443948070576,0.00881721343167449,2400,0,0.0,0,0.0,0,0.0,0,0.0,0.0,0.0,0.0,0.0,11,2.2916666666666667e-05,0.003308443948070576,0.008358706151283646,0.008724711975596322,0.008816213431674491,-0.008816213431674491,noise_0p050_0p100,68.66666666666667,72.0,77.5
corridor_obstacles__proposed__N200__pl20__lat050__seed0__combined_moderate,corridor_obstacles,proposed,200,0,0.2,50.0,4.0,12,4.0,4.0,0.1,100.0,0.01,0.02,0.1,100.0,4.0,0.01,0.02,2,95800,9374,0.09784968684759916,120.0,0.05,0.23565466457985948,0.3600009999999991,0,0.0,184,3.850991735018282e-06,0,0.0,1.0,True,70.95,0.1628848426982197,44.69384409513642,9.52518711018711,153.0263905529864,0.3186722002352903,Obstacle-rich corridor with three lateral rows of alternating cylindrical obstacles.,0,0,0,0.0,0.0,0,0.0,8,9,0.036036000262712774,0.012442813988934846,9,1.875e-05,9,1.875e-05,0.036036000262712774,0.004004000029190308,0.012442813988934846,2400,0,0.0,0,0.0,0,0.0,0,0.0,0.0,0.0,0.0,0.0,9,1.875e-05,0.004003000029190308,0.011161971096319511,0.01218584541041178,0.012441813988934847,-0.012441813988934847,combined_moderate,71.0,74.0,76.5
corridor_obstacles__proposed__N200__pl20__lat050__seed1__combined_moderate,corridor_obstacles,proposed,200,1,0.2,50.0,4.0,12,4.0,4.0,0.1,100.0,0.01,0.02,0.1,100.0,4.0,0.01,0.02,2,95800,9517,0.09934237995824635,120.0,0.05,0.17225564082428035,0.36000099999999957,0,0.0,155,3.2440419506947484e-06,0,0.0,1.0,True,70.25,0.1590394247074818,43.88424605620357,9.509469854469854,160.1882177819498,0.33358645935433107,Obstacle-rich corridor with three lateral rows of alternating cylindrical obstacles.,0,0,0,0.0,0.0,0,0.0,3,3,0.021293439709760633,0.00973986419987635,3,6.25e-06,3,6.25e-06,0.021293439709760633,0.007097813236586877,0.00973986419987635,2400,0,0.0,0,0.0,0,0.0,0,0.0,0.0,0.0,0.0,0.0,3,6.25e-06,0.007096813236586878,0.009385942173331352,0.009668279794567351,0.009738864199876351,-0.009738864199876351,combined_moderate,70.5,74.25,79.0
corridor_obstacles__proposed__N200__pl20__lat050__seed2__combined_moderate,corridor_obstacles,proposed,200,2,0.2,50.0,4.0,12,4.0,4.0,0.1,100.0,0.01,0.02,0.1,100.0,4.0,0.01,0.02,2,95800,9460,0.09874739039665971,120.0,0.05,0.23692147303006778,0.3600010000000001,0,0.0,206,4.311436398987859e-06,0,0.0,1.0,True,70.25,0.15813823972738345,43.91907997456798,9.535114345114344,154.01037287898362,0.3207213096188747,Obstacle-rich corridor with three lateral rows of alternating cylindrical obstacles.,0,0,0,0.0,0.0,0,0.0,3,3,0.009821457926604962,0.004779952895049926,3,6.25e-06,3,6.25e-06,0.009821457926604962,0.0032738193088683205,0.004779952895049926,2400,0,0.0,0,0.0,0,0.0,0,0.0,0.0,0.0,0.0,0.0,3,6.25e-06,0.003272819308868321,0.004626577321716408,0.0047484777803832225,0.004778952895049926,-0.004778952895049926,combined_moderate,70.25,73.25,77.5
corridor_obstacles__proposed__N200__pl20__lat050__seed3__combined_moderate,corridor_obstacles,proposed,200,3,0.2,50.0,4.0,12,4.0,4.0,0.1,100.0,0.01,0.02,0.1,100.0,4.0,0.01,0.02,2,95800,9506,0.09922755741127348,120.0,0.05,0.1800600948831911,0.36000099999999935,0,0.0,188,3.934708946649114e-06,0,0.0,1.0,True,71.45,0.15936647422722997,44.14628731606962,9.510155925155924,160.3118915911764,0.33384400581252893,Obstacle-rich corridor with three lateral rows of alternating cylindrical obstacles.,0,0,0,0.0,0.0,0,0.0,5,5,0.0169826425673942,0.00643536316251389,5,1.0416666666666666e-05,5,1.0416666666666666e-05,0.0169826425673942,0.00339652851347884,0.00643536316251389,2400,0,0.0,0,0.0,0,0.0,0,0.0,0.0,0.0,0.0,0.0,5,1.0416666666666666e-05,0.0033955285134788403,0.005786486983571492,0.00630478792672541,0.00643436316251389,-0.00643436316251389,combined_moderate,71.5,77.0,84.0
corridor_obstacles__proposed__N200__pl20__lat050__seed4__combined_moderate,corridor_obstacles,proposed,200,4,0.2,50.0,4.0,12,4.0,4.0,0.1,100.0,0.01,0.02,0.1,100.0,4.0,0.01,0.02,2,95800,9593,0.1001356993736952,120.0,0.05,0.2620585166696219,0.36000099999999935,0,0.0,169,3.537052191402661e-06,0,0.0,1.0,True,70.85000000000001,0.15778217136551864,44.70519853224622,9.521143451143452,155.49056952400133,0.32380376827155627,Obstacle-rich corridor with three lateral rows of alternating cylindrical obstacles.,0,0,0,0.0,0.0,0,0.0,3,3,0.011733434307491988,0.005715047152038493,3,6.25e-06,3,6.25e-06,0.011733434307491988,0.003911144769163996,0.005715047152038493,2400,0,0.0,0,0.0,0,0.0,0,0.0,0.0,0.0,0.0,0.0,3,6.25e-06,0.003910144769163996,0.005554805583486999,0.005682198838328194,0.005714047152038493,-0.005714047152038493,combined_moderate,70.875,74.75,80.5
corridor_obstacles__proposed__N200__pl20__lat050__seed0__combined_severe,corridor_obstacles,proposed,200,0,0.2,50.0,4.0,12,4.0,4.0,0.2,250.0,0.02,0.04,0.2,250.0,4.0,0.02,0.04,5,95800,19038,0.19872651356993737,120.0,0.05,0.21153840992646267,0.3600009999999991,0,0.0,436,9.125176067760711e-06,0,0.0,1.0,True,72.65,0.16312079949748226,53.58313354725578,9.497775467775467,157.96851735329255,0.32896400948207527,Obstacle-rich corridor with three lateral rows of alternating cylindrical obstacles.,0,0,0,0.0,0.0,0,0.0,9,9,0.03681390035681561,0.011939683663587967,9,1.875e-05,9,1.875e-05,0.03681390035681561,0.004090433372979512,0.011939683663587967,2400,0,0.0,0,0.0,0,0.0,0,0.0,0.0,0.0,0.0,0.0,9,1.875e-05,0.004089433372979512,0.01034370968183773,0.01161968886723792,0.011938683663587968,-0.011938683663587968,combined_severe,72.66666666666667,75.0,82.0
corridor_obstacles__proposed__N200__pl20__lat050__seed1__combined_severe,corridor_obstacles,proposed,200,1,0.2,50.0,4.0,12,4.0,4.0,0.2,250.0,0.02,0.04,0.2,250.0,4.0,0.02,0.04,5,95800,19201,0.20042797494780792,120.0,0.05,0.18032242619094332,0.3600009999999988,0,0.0,478,1.0004206789884449e-05,0,0.0,1.0,True,71.7,0.15625865936849528,54.11765806527974,9.50137214137214,147.94859948195517,0.30809787480623735,Obstacle-rich corridor with three lateral rows of alternating cylindrical obstacles.,0,0,0,0.0,0.0,0,0.0,9,10,0.03216501291044798,0.006992956137655686,10,2.0833333333333333e-05,10,2.0833333333333333e-05,0.03216501291044798,0.003216501291044798,0.006992956137655686,2400,0,0.0,0,0.0,0,0.0,0,0.0,0.0,0.0,0.0,0.0,10,2.0833333333333333e-05,0.0032155012910447976,0.0060864736297054555,0.006810859636065641,0.006991956137655686,-0.006991956137655686,combined_severe,71.625,74.5,81.0
corridor_obstacles__proposed__N200__pl20__lat050__seed2__combined_severe,corridor_obstacles,proposed,200,2,0.2,50.0,4.0,12,4.0,4.0,0.2,250.0,0.02,0.04,0.2,250.0,4.0,0.02,0.04,5,95800,19148,0.19987473903966596,120.0,0.05,0.2086834631861701,0.360000999999999,0,0.0,506,1.0590227271300275e-05,0,0.0,1.0,True,72.45,0.15830561331729118,53.92006920846876,9.521580041580041,160.35560756595805,0.333935042827901,Obstacle-rich corridor with three lateral rows of alternating cylindrical obstacles.,0,0,0,0.0,0.0,0,0.0,6,6,0.02868176172487363,0.00725540975581515,6,1.25e-05,6,1.25e-05,0.02868176172487363,0.004780293620812272,0.00725540975581515,2400,0,0.0,0,0.0,0,0.0,0,0.0,0.0,0.0,0.0,0.0,6,1.25e-05,0.004779293620812271,0.0067571052079823946,0.007154948846248599,0.00725440975581515,-0.00725440975581515,combined_severe,72.5,75.7,81.5
corridor_obstacles__proposed__N200__pl20__lat050__seed3__combined_severe,corridor_obstacles,proposed,200,3,0.2,50.0,4.0,12,4.0,4.0,0.2,250.0,0.02,0.04,0.2,250.0,4.0,0.02,0.04,5,95800,19048,0.19883089770354906,120.0,0.05,0.17883989203565348,0.3600009999999991,0,0.0,542,1.1343682175977765e-05,0,0.0,1.0,True,72.5,0.15887644240219637,54.159510090348924,9.480041580041581,157.15649250289425,0.32727299563284934,Obstacle-rich corridor with three lateral rows of alternating cylindrical obstacles.,0,0,0,0.0,0.0,0,0.0,7,7,0.017533550355426277,0.004584568409668448,7,1.4583333333333333e-05,7,1.4583333333333333e-05,0.017533550355426277,0.0025047929079180394,0.004584568409668448,2400,0,0.0,0,0.0,0,0.0,0,0.0,0.0,0.0,0.0,0.0,7,1.4583333333333333e-05,0.0025037929079180393,0.0042469168058687275,0.0045162380889085035,0.004583568409668448,-0.004583568409668448,combined_severe,72.5,77.25,83.5
corridor_obstacles__proposed__N200__pl20__lat050__seed4__combined_severe,corridor_obstacles,proposed,200,4,0.2,50.0,4.0,12,4.0,4.0,0.2,250.0,0.02,0.04,0.2,250.0,4.0,0.02,0.04,5,95800,19146,0.19985386221294363,120.0,0.05,0.20948739419054074,0.36000099999999957,0,0.0,498,1.042279284803861e-05,0,0.0,1.0,True,72.9,0.15709875474274348,54.129623531681936,9.480051975051975,153.84354267967865,0.3203738914612217,Obstacle-rich corridor with three lateral rows of alternating cylindrical obstacles.,0,0,0,0.0,0.0,0,0.0,9,9,0.033839942283699985,0.008989345659935115,9,1.875e-05,9,1.875e-05,0.033839942283699985,0.0037599935870777763,0.008989345659935115,2400,0,0.0,0,0.0,0,0.0,0,0.0,0.0,0.0,0.0,0.0,9,1.875e-05,0.0037589935870777757,0.0076396691464968285,0.008718610357247457,0.008988345659935115,-0.008988345659935115,combined_severe,73.0,76.0,81.5
